"","track_name","track_id","artist_name","duration_ms","popularity","explicit","album_name","album_id","release_date","playlist_name","danceability","energy","key","loudness","mode","speechiness","acousticness","instrumentalness","liveness","valence","tempo","time_signature"
"1","Green Juice (feat. Pharrell Williams)","0VPir804AaU2Iw1ardsDLS","A$AP Ferg",174136,49,TRUE,"Green Juice (feat. Pharrell Williams)","0VZNwfArwS5haypFDKiXZO",2021-10-28,"chasin paper",0.639,0.599,0,-3.925,1,0.0376,0.272,1.32e-05,0.179,0.138,120.061,4
"2","Move The Chains","23Cv6zTTaCwir6YrXHSK6u","Beau Young Prince",112826,35,FALSE,"Move The Chains","0MJccdkrMBjWKZBw97RXpl",2019-07-24,"chasin paper",0.801,0.941,0,-4.204,1,0.206,0.0147,0,0.65,0.759,104.488,4
"3","Obsessed With You","4PYfFHKfjYz6dwAtZhBy1z","Central Cee",108650,73,TRUE,"Obsessed With You","1gXyOc0Unev5AqD9X248v9",2021-09-10,"chasin paper",0.746,0.825,3,-4.457,1,0.0435,0.192,0,0.365,0.904,143.062,4
"4","Mr. Put It On","70EiV32gjM86o0XeTj5nq0","AG Club",167323,51,TRUE,"Mr. Put It On","1OE9RhxKK7NY2r9vRUP8hg",2022-01-21,"chasin paper",0.753,0.735,2,-6.687,1,0.391,0.101,0,0.357,0.714,141.982,4
"5","hibachi (feat. Kodak Black & 21 Savage)","7FCDmAel69bzxRkOxbh2dB","Roddy Ricch",170413,65,TRUE,"LIVE LIFE FAST","1eVrpJbHRLBbioB9sb5b94",2021-12-17,"chasin paper",0.681,0.522,5,-8.74,0,0.303,0.0191,0,0.415,0.219,172.946,4
"6","BILLI (feat. Future)","2w0DHjwF1NIMGXKeypz0sr","EARTHGANG",163802,55,TRUE,"GHETTO GODS","2NwAbsKSl0jrpFw7nyeX8v",2022-02-25,"chasin paper",0.844,0.5,1,-7.271,1,0.386,0.0393,0,0.109,0.302,155.048,4
"7","Heaven and Hell","2Y40huo5ewaKYxsFintYtF","Kanye West",145301,66,FALSE,"Donda","5CnpZV3q5BcESefcB3WJmz",2021-08-29,"chasin paper",0.764,0.422,0,-7.265,0,0.119,0.0409,0,0.152,0.268,82.986,4
"8","Money In The Way","1Du1gIiBziiR6SUx3gnSvr","2 Chainz",161653,48,TRUE,"Rap Or Go To The League","1BR69wIifGZUSimcuTjWVg",2019-03-01,"chasin paper",0.79,0.793,7,-4.138,1,0.2,0.238,2.14e-06,0.305,0.584,85.006,4
"9","Neck & Wrist (feat. JAY-Z & Pharrell Williams)","7kQJCw0ZkvHgfJqRwPblmG","Pusha T",209314,64,TRUE,"It's Almost Dry","6o38CdD7CUlZDCFhjZYLDH",2022-04-22,"chasin paper",0.625,0.542,9,-4.365,1,0.266,0.0223,0,0.377,0.328,152.403,4
"10","Savior","0YeUVm23SAkUruwEx9LWnt","Kendrick Lamar",224466,56,TRUE,"Mr. Morale & The Big Steppers","1atjqOZTCdrjxjMyCPZc2g",2022-05-13,"chasin paper",0.605,0.692,8,-7.45,1,0.446,0.495,0,0.303,0.685,124.84,5
"11","Blood All On it (feat. Key Glock, Young Dolph)","2DdpOlqObnMU1IcMGLp0nk","Gucci Mane",234869,59,TRUE,"Blood All On it (feat. Key Glock, Young Dolph)","04IEdmPMiMvzWtBXdiOGGa",2022-04-01,"chasin paper",0.858,0.7,7,-4.677,1,0.258,0.0277,0,0.109,0.825,140.08,4
"12","Elon Musk (feat. Gunna)","6g6FfeozIEkVUXecpSq16Q","DDG",205758,69,TRUE,"Elon Musk (feat. Gunna)","5AviR59jAHiYp4Up3hj0bw",2022-02-18,"chasin paper",0.826,0.583,2,-5.186,0,0.0626,0.441,0,0.155,0.539,140.039,4
"13","Hot (feat. Moneybagg Yo)","5qyZ6LcHvBiIHLaoED8K4g","Meek Mill",150527,62,TRUE,"Expensive Pain","3cLQ49Ll3nGRkw3HSSk92K",2021-10-01,"chasin paper",0.773,0.623,2,-5.267,1,0.196,0.00194,0,0.133,0.13,153.1,4
"14","Dough","2rw5cbtHTyzy8iruujD28d","Key Glock",198866,63,TRUE,"Yellow Tape","12GZ5ewBjyylguigbdmqJ9",2020-01-31,"chasin paper",0.876,0.463,1,-6.607,1,0.289,0.00166,0.000492,0.109,0.32,162.951,4
"15","BANKROLL (feat. A$AP Rocky & A$AP Ferg)","3MK6OsCb4VJGdPxvXjW8Q9","BROCKHAMPTON",202560,58,TRUE,"ROADRUNNER: NEW LIGHT, NEW MACHINE","6sPcgDto5EI6EBPc2jhDC7",2021-04-09,"chasin paper",0.784,0.539,7,-8.938,0,0.274,0.0818,0,0.106,0.576,149.059,4
"16","Arya (feat. A$AP Rocky)","0Rq6JJwpZ9f1SU6Cfhgjv7","A$AP Rocky",162253,62,TRUE,"Arya","4r58Om6YuN9gjnHim6y6mg",2022-01-28,"chasin paper",0.958,0.478,7,-7.669,1,0.192,0.0823,0,0.126,0.379,120.042,4
"17","Ye Not Crazy","70jjParnrP2X3mOVkoljGE","Joyner Lucas",226758,65,TRUE,"Ye Not Crazy","19KpEHCcxkTNQWm0O0aa9w",2022-04-01,"chasin paper",0.862,0.547,8,-9.557,1,0.333,0.144,0,0.0691,0.645,145.191,4
"18","This Is America","0b9oOr2ZgvyQu88wzixux9","Childish Gambino",225773,70,TRUE,"This Is America","7arx9qPJexCsDz67El4qvk",2018-05-06,"chasin paper",0.854,0.463,5,-6.159,1,0.137,0.117,0,0.354,0.549,120.024,4
"19","Scatter Brain (feat. Ludacris & JID)","4w7lBzX0EcDuy8tQLQvjC2","Conway the Machine",209117,67,TRUE,"La Maquina","35C2QYq4OgkEXETksStyzz",2021-04-16,"chasin paper",0.855,0.478,1,-8.698,1,0.107,0.0684,0,0.111,0.355,135.987,4
"20","Check","1jk9c0gZI0wbn5GvAj7PBV","Young Thug",230693,64,TRUE,"Barter 6","0BsMZIueWsJLWng8A7sE8e",2015-04-16,"chasin paper",0.667,0.581,0,-5.164,0,0.323,0.0428,0,0.183,0.368,110.953,4
"21","FLIP THE SWITCH (feat. Drake)","1rlIrbWboTRGeKfHhgbJRZ","Quavo",156195,67,TRUE,"QUAVO HUNCHO","2DjfazR5N3TgXBQ7oVALA1",2018-10-12,"chasin paper",0.853,0.637,3,-5.924,0,0.331,0.129,0,0.267,0.496,86.048,4
"22","Nail Tech","62Yo3FDddWY8ydu6PW2wyz","Jack Harlow",206385,75,TRUE,"Nail Tech","72r4dr0xDsXOWRwP2o7ZIP",2022-02-18,"chasin paper",0.677,0.557,1,-8.409,1,0.0694,0.00508,8.36e-06,0.0984,0.1,150.127,4
"23","Dreams Unfold","5ChX0Yt1wPpRJFPPecJZPh","Joyner Lucas",201081,63,TRUE,"Dreams Unfold","5sAWMGha4PtgcM7CWksfE6",2021-08-25,"chasin paper",0.869,0.62,9,-5.308,1,0.191,0.36,0,0.103,0.961,148.041,4
"24","Disrespectful (feat. ScHoolboy Q)","4vlQBryZKYcPeclRx4yX7K","Childish Major",204093,33,TRUE,"Thank you, God. For it all.","7w45wsr130MbFpfZ9yA9ni",2021-07-23,"chasin paper",0.907,0.551,5,-8.314,0,0.493,0.0533,0,0.117,0.711,145.027,4
"25","Rambo","0lihymBRdQmqdUFDTMyLRU","Joyner Lucas",211653,56,TRUE,"Rambo","1Igno8iFQcVi2jWe94h4Lr",2021-12-03,"chasin paper",0.798,0.482,6,-9.045,0,0.43,0.282,2.06e-06,0.127,0.45,95.263,3
"26","SUVs (Black on Black)","1MIGkQxcdAt2lDx6ySpsc5","Jack Harlow",157675,71,TRUE,"SUVs (Black on Black)","4K3SQSfKMXLcVnyUSFELZw",2021-08-03,"chasin paper",0.801,0.688,1,-4.594,1,0.396,0.144,0,0.107,0.5,162.928,4
"27","ICE (We Should Do Drugs)","6cIve9jrdy8qBm4YLswXoB","Labrinth",165978,54,FALSE,"EUPHORIA SEASON 2 OFFICIAL SCORE (FROM THE HBO ORIGINAL SERIES)","43tSLc6ZxW8TTRLrBO0SU1",2022-04-22,"chasin paper",0.852,0.35,9,-9.361,0,0.101,0.0653,0.812,0.1,0.447,123.009,4
"28","Lost and Found Freestyle 2019 (with Tyler, The Creator & Nigo)","5x8NgG7Ya18m9wafOvvWYk","A$AP Rocky",174862,67,TRUE,"I Know NIGO!","75T8WnF5n7fgKJ0EC7WRPS",2022-03-25,"chasin paper",0.458,0.697,1,-5.02,1,0.325,0.0185,0,0.784,0.495,172.584,4
"29","Knife Talk (with 21 Savage ft. Project Pat)","2BcMwX1MPV6ZHP4tUT9uq6","Drake",242965,84,TRUE,"Certified Lover Boy","3SpBlxme9WbeQdI9kx7KAV",2021-09-03,"chasin paper",0.849,0.424,5,-9.579,0,0.324,0.0635,0,0.0834,0.153,145.887,4
"30","Surround Sound (feat. 21 Savage & Baby Tate)","0cp97b37sFNsdIbQH6po3T","JID",229938,76,TRUE,"Surround Sound (feat. 21 Savage & Baby Tate)","0MdgqhI26wmlQ1aLV5y2Ks",2022-01-14,"chasin paper",0.57,0.573,5,-6.935,1,0.476,0.156,0,0.256,0.517,76.006,4
"31","Guap","7G0PgkkbavF7Rh4zNrUxH0","Big Sean",271653,50,TRUE,"Hall Of Fame (Deluxe)","5RlT8X7XGGLKUhoimrDl54",2013-01-01,"chasin paper",0.65,0.723,1,-5.807,1,0.172,0.311,0,0.412,0.556,146.076,4
"32","Silent Hill","3tYTyAt1q6BFBiGyYVOLhi","Kendrick Lamar",220779,58,TRUE,"Mr. Morale & The Big Steppers","1atjqOZTCdrjxjMyCPZc2g",2022-05-13,"chasin paper",0.907,0.577,1,-6.737,0,0.0767,0.438,3.19e-05,0.137,0.801,140.07,4
"33","Solid (feat. Drake)","6rTInqW3YECMkQsBEHw4sd","Young Stoner Life",215693,75,TRUE,"Slime Language 2","3ihwKkIMJWmmp1huNH0iWC",2021-04-16,"chasin paper",0.887,0.485,11,-9.358,0,0.2,0.0392,0,0.141,0.328,125.987,4
"34","Let's Get It (Remix) [feat. 21 Savage]","27jThnrlCYR5fqSaRfjmxX","Hunxho",156995,56,TRUE,"Street Poetry","424KidkXx9YRSRIEqJwQzy",2022-03-04,"chasin paper",0.863,0.499,7,-8.602,0,0.514,0.0758,0,0.104,0.76,80.073,4
"35","HEAVEN BELONGS TO YOU","5SecO8b3bvFNBTtrTyt91o","BROCKHAMPTON",89613,47,TRUE,"GINGER","1jToVugwBEzcak8gJNZG2f",2019-08-23,"chasin paper",0.68,0.634,7,-8.446,1,0.36,0.0208,2.02e-06,0.479,0.693,155.911,4
"36","IF YOU PRAY RIGHT","56IGGA6VwAbIni6KoN7VC5","BROCKHAMPTON",302360,49,TRUE,"GINGER","1jToVugwBEzcak8gJNZG2f",2019-08-23,"chasin paper",0.471,0.496,7,-9.983,1,0.199,0.399,0.00083,0.378,0.569,160.093,4
"37","Majin Buu","7IrbvK5Z6IDXvTQel8F94i","Anoyd",208675,39,TRUE,"Majin Buu","7gn8Iq3Abd90DFIuqvdnLs",2020-11-17,"chasin paper",0.787,0.48,8,-7.447,1,0.0755,0.0766,0.000414,0.133,0.472,75.974,4
"38","Big Fish","1CHhAINmT48RpXE5owAo3Q","Chance the Rapper",186784,43,TRUE,"The Big Day","7bgi7zCoDsZdlLKPonHZqP",2019-07-26,"chasin paper",0.822,0.598,4,-6.804,0,0.37,0.319,0,0.109,0.595,176.046,4
"39","10 Bands (feat. Timbaland)","4Ug1vwXoxWVZkarqB4XPfh","Joyner Lucas",214944,50,TRUE,"ADHD","5qkWpkGMULLVnSHb3Sej4X",2020-03-27,"chasin paper",0.879,0.875,11,-5.298,1,0.0685,0.0741,0.000265,0.0926,0.784,130.011,4
"40","Cash Machine","2UzQdfooGVIeGjqcUMOBWY","Shelley FKA DRAM",181154,47,TRUE,"Big Baby DRAM","7CHEC1kVstFUDPTxB3Hz2V",2016-10-21,"chasin paper",0.745,0.669,9,-3.613,1,0.129,0.522,0,0.154,0.699,143.164,4
"41","Couch Standing","4gTu6dEe07qg83pVSKn4Bn","Nieman J",193548,36,TRUE,"Optimal Music","23sEzf5ud6KlBxECGK0dZ2",2020-04-24,"chasin paper",0.955,0.503,1,-9.407,1,0.115,0.222,0,0.11,0.299,124.127,4
"42","Mr. Right Now (feat. Drake)","4Q34FP1AT7GEl9oLgNtiWj","21 Savage",193838,73,TRUE,"SAVAGE MODE II","6wTyGUWGCilBFZ837k5aRi",2020-10-02,"chasin paper",0.647,0.667,5,-5.563,1,0.304,0.231,0,0.133,0.704,172.08,4
"43","Baby (Lil Baby feat. DaBaby)","5MPPttjfGap2C6j6eKcO6J","Quality Control",142417,74,TRUE,"Quality Control: Control The Streets Volume 2","59zpaLOByFkJhc9D5Xqna9",2019-08-16,"chasin paper",0.97,0.463,10,-7.259,1,0.366,0.0957,0,0.151,0.46,108.003,4
"44","NASTY GIRL / ON CAMERA","2f8y4CuG57UJEmkG3ujd0D","Gunna",230600,62,TRUE,"WUNNA","0gA0nZrZ55PLUp7ARfrICu",2020-05-22,"chasin paper",0.598,0.472,0,-10.991,1,0.258,0.204,1.54e-05,0.108,0.522,120.08,4
"45","It Ain't Easy, It Ain't Easy (feat. Nyck Caution, Kirk Knight, CJ Fly & AKTHESAVIOR)","4krhkcFf3OqxHSS1QUIsmc","Beast Coast",220960,46,TRUE,"Escape From New York","1NPxBmG3k3UzybcaxxSVuB",2019-05-24,"chasin paper",0.809,0.597,10,-7.428,0,0.202,0.0429,4.5e-05,0.117,0.327,142.011,4
"46","Super","3sjtQ07ptlPzw2N4YmGW3S","Cordae",177553,67,TRUE,"From a Birds Eye View","3N3alcn9EvmanafUt70Vxh",2022-01-14,"chasin paper",0.899,0.695,1,-4.749,1,0.346,0.113,0,0.112,0.394,139.027,4
"47","Babushka Boi","643PW82aBMUa1FiWi5VQY7","A$AP Rocky",187105,67,TRUE,"Babushka Boi","3zOkSAbg9o7gQ3yXtZhx5v",2019-08-28,"chasin paper",0.897,0.743,10,-5.446,0,0.222,0.304,4.44e-05,0.137,0.905,134.979,4
"48","I Won","1viUV5EGlKGCiSveBfFeQg","Ty Dolla $ign",175639,59,TRUE,"I Won [From F9 The Fast Saga Original Motion Picture Soundtrack]","01RtA0qCjfGy0FY4ON23nD",2021-06-04,"chasin paper",0.762,0.788,9,-4.087,0,0.174,0.272,0,0.114,0.672,140.993,4
"49","Waves","6INWpNHjafs6xAyOZss7Gj","Culture Jam",146493,52,TRUE,"Kawhi Leonard Presents: Culture Jam (Vol. 1)","5QkoMINx6wyDn80AIOnErN",2021-10-22,"chasin paper",0.824,0.484,1,-5.618,1,0.07,0.0361,0,0.0592,0.148,77.039,4
"50","Diamonds On Me (feat. Gunna, & Yella Beezy)","5kWJB3rEbBnNUMyPLdtJdw","DaniLeigh",228174,51,TRUE,"MOVIE","4d9fUkdY8BOJK0awqObMs6",2020-11-13,"chasin paper",0.853,0.627,5,-7.007,1,0.0344,0.257,5.1e-06,0.108,0.654,127.011,4
"51","Real Friends","66Q3fAmSX5eHamgbKa9alP","Kanye West",251573,66,TRUE,"The Life Of Pablo","7gsWAHLeT0w7es6FofOXk1",2016-06-10,"chasin paper",0.441,0.744,6,-6.248,0,0.476,0.262,0.000382,0.138,0.124,81.396,4
"52","Crypto (feat. Rich The Kid)","6psP05MMEYxyJ54qdGEnOU","Takeoff",160948,58,TRUE,"Crypto (feat. Rich The Kid)","5UKyIgRyqHXI08xf1HrQ7O",2022-03-11,"chasin paper",0.883,0.606,1,-4.421,1,0.238,0.267,0,0.0952,0.495,119.954,4
"53","JUGGERNAUT (feat. Lil Uzi Vert & Pharrell Williams)","7z4xW9WY86uH3gd1V9pfCM","Tyler, The Creator",146419,70,TRUE,"CALL ME IF YOU GET LOST","45ba6QAtNrdv6Ke4MFOKk9",2021-06-25,"chasin paper",0.827,0.571,11,-7.949,1,0.366,0.0195,0,0.166,0.62,142.034,4
"54","E-ER (feat. Lil Yachty)","4N7i6RfJXMWfkx9Zr6pzkJ","DJ Scheme",163384,71,TRUE,"FAMILY","7CUmEkXzsnL13LU8XQnlbC",2020-12-04,"chasin paper",0.952,0.29,8,-11.459,1,0.428,0.074,0,0.107,0.394,130.083,4
"55","Scared Money (feat. J. Cole and Moneybagg Yo)","4heBcjj4Lw3X2sQVFNbLbz","YG",204285,71,TRUE,"Scared Money","3TsYjPFN8qCxcYWHL3DtL8",2022-02-04,"chasin paper",0.898,0.58,8,-7.632,0,0.26,0.0101,0,0.169,0.661,84.018,4
"56","Down Bad (feat. JID, Bas, J. Cole, EARTHGANG & Young Nudy)","36J0iaPDGbYGsHvYpaYs3k","Dreamville",169146,65,TRUE,"Revenge Of The Dreamers III","2n3quCZ0anEa46j2IveacI",2019-07-05,"chasin paper",0.761,0.586,0,-5.368,1,0.359,0.0392,0,0.0558,0.719,149.804,4
"57","Down South (feat. Yella Beezy & Maxo Kream)","3iBTlAs9ki435FDkt7LXUA","Wale",239202,49,TRUE,"Folarin II","1GyvDV1vj6x3GH61CNRv3H",2021-10-22,"chasin paper",0.743,0.752,1,-6.143,1,0.292,0.123,0,0.137,0.473,180.366,4
"58","Bam","6Iuh3vNjpWhSeHM3RZgzQL","JAY-Z",234973,57,TRUE,"4:44","7GoZNNb7Yl74fpk8Z6I2cv",2017-07-07,"chasin paper",0.639,0.788,6,-2.879,1,0.35,0.455,0,0.058,0.847,155.913,4
"59","Guap","1wcWdMlLjzp7Rx25JJN7c4","Big Sean",271760,0,TRUE,"Guap","2lCM0giF5meapslmQwWsrh",2012-01-01,"chasin paper",0.65,0.741,1,-5.842,1,0.184,0.322,0,0.422,0.575,146.175,4
"60","Chase The Money","3rnDyg4f2oRsWmXdZVFD1Y","E-40",284439,50,TRUE,"Practice Makes Paper","5EK2Kc4pKtcVGUM4Dvz2PQ",2019-07-26,"chasin paper",0.893,0.776,11,-5.356,1,0.293,0.00607,0,0.103,0.229,91.987,4
"61","For The Squadron","1Am6QnI4dZi0bkXeJXwW6P","SAINt JHN",188854,59,TRUE,"For The Squadron","5G34PSaRGTFhZZWuznAXGI",2022-02-18,"chasin paper",0.765,0.402,6,-6.387,1,0.0557,0.0178,1.84e-05,0.11,0.353,87.054,4
"62","Lifestyle (with Bas feat. A$AP Ferg)","0URbdJpIV9B54W2d9yeMwt","Dreamville",166775,59,TRUE,"D-Day: A Gangsta Grillz Mixtape","3tFjhFPqGhhLrCULnPu7Wy",2022-03-31,"chasin paper",0.832,0.7,0,-6.005,0,0.0491,0.12,0,0.239,0.586,145.937,4
"63","Sharing Locations (feat. Lil Baby & Lil Durk)","3T9BKc4kB7ukeNQrCqv6ZV","Meek Mill",161052,65,TRUE,"Expensive Pain","3cLQ49Ll3nGRkw3HSSk92K",2021-10-01,"chasin paper",0.681,0.63,1,-5.585,1,0.0385,0.00383,0,0.139,0.183,151.951,4
"64","BIG BANK (feat. 2 Chainz, Big Sean, Nicki Minaj)","0ZNrc4kNeQYD9koZ3KvCsy","YG",237240,66,TRUE,"STAY DANGEROUS","5IYvKd22yQkJRfoIStesbX",2018-08-03,"chasin paper",0.745,0.346,1,-7.709,1,0.331,0.00552,0,0.0881,0.112,203.911,4
"65","Million Dollars Worth of Game (feat. 42 Dugg)","6C0vyXq2uzFRTTLcE4whhl","2 Chainz",158627,59,TRUE,"Dope Don't Sell Itself","5IGnGTSdX9jMvEMostmUfu",2022-02-04,"chasin paper",0.81,0.68,2,-4.871,1,0.346,0.0059,0,0.112,0.419,97.02,4
"66","HANDSOMER","4v1TTTCadimzZkTuDTnYBc","Russ",143414,65,TRUE,"HANDSOMER","3zCqTgk4dwtws1HhNoHqWI",2022-02-04,"chasin paper",0.886,0.651,8,-6.413,1,0.222,0.188,0,0.11,0.476,81.985,4
"67","Sou Sou","6y6Yg1VnKqWs5MiL4LpJkk","Jidenna",228604,40,TRUE,"85 to Africa","238eVufzRziHuYLuBVZh1u",2019-08-23,"chasin paper",0.897,0.555,3,-9.043,0,0.112,0.0301,0,0.158,0.535,119.977,4
"68","The Setup","6uzesxG4dlBg3faZmzL6Qs","Obie Trice",193000,61,TRUE,"Cheers","7exM52pkWRKdoZqkheCRCC",2003-01-01,"chasin paper",0.908,0.738,1,-4.933,1,0.271,0.143,0,0.0829,0.79,95.954,4
"69","Get Big","4iZdCChpb4nEH2jirUH90e","Dorrough Music",225467,48,TRUE,"Get Big","3GAZaILHESpE47pqtiBs2F",2010-09-07,"chasin paper",0.764,0.538,2,-8.917,1,0.337,0.00243,0,0.328,0.209,174.169,4
"70","Scorpio","0LlFMKD7MAHwOqkIBsHui6","Moneybagg Yo",165772,0,TRUE,"A Gangsta’s Pain: Reloaded","78L6XKTChkf0M5SK3oogk3",2021-10-22,"chasin paper",0.736,0.532,1,-7.151,1,0.265,0.0292,8.86e-06,0.0806,0.273,84.983,4
"71","Ain’t No Fun","7hUpFUXJsDXMKopFz3Q2AP","Wiz Khalifa",147204,45,TRUE,"Ain’t No Fun","3dJ5oJaFMMsIsBz1nU4wk6",2022-04-06,"chasin paper",0.899,0.536,8,-5.493,1,0.278,0.0446,0,0.0539,0.719,82.999,4
"72","R.I.C.O. (feat. Drake)","0Y0TOsE1q11qgbi7c5WZsG","Meek Mill",197133,70,TRUE,"Dreams Worth More Than Money","2O3OKOYCub892PUGprsaQo",2015-06-29,"chasin paper",0.727,0.599,1,-6.941,1,0.327,0.317,0,0.219,0.386,167.909,3
"73","100YD Dash (Madden 20 Original Soundtrack)","3udJ09ioWBam8g9AlfUpvY","GRIP",162909,34,FALSE,"100YD Dash (Madden 20 Original Soundtrack)","4UyKbjtQ4cn8UOUHNlLWPR",2019-07-24,"chasin paper",0.826,0.718,7,-6.685,1,0.317,0.133,0.000129,0.0957,0.637,82.451,4
"74","25 million","2lUDBd7JrgAMltcp6dcd7D","Roddy Ricch",204626,67,TRUE,"LIVE LIFE FAST","1eVrpJbHRLBbioB9sb5b94",2021-12-17,"chasin paper",0.793,0.481,9,-9.258,1,0.124,0.019,1.09e-06,0.139,0.395,132.202,4
"75","Sandman","0qkA0NU7cDKWkFXNGRcNaB","A$AP Rocky",200160,64,TRUE,"LIVE.LOVE.A$AP","4l6EPpP9hjQrLb8qNB9eC5",2011-10-31,"chasin paper",0.533,0.501,8,-9.299,1,0.0436,0.143,0.000578,0.172,0.3,120.159,4
"76","Hot Boy","3CC5PxMdqgN1Urt1S28BSv","Lil Bam",170000,54,TRUE,"The Last Don","5kIs14orSgf4gPktMUG2SH",2020-11-26,"chasin paper",0.852,0.429,9,-12.282,0,0.529,0.145,0,0.101,0.649,164.047,4
"77","LLC (feat. Moneybagg Yo)","15OlC497ScJt9N2BS8lOev","Money Man",195153,66,TRUE,"Blockchain","7gVVCqQnGgybY3OTdkJuKY",2021-11-12,"chasin paper",0.803,0.495,11,-5.724,1,0.321,0.121,0,0.104,0.628,80.972,4
"78","Wolves (feat. Post Malone)","33gwZOGJWEZ7dRWPqPxBEZ","Big Sean",199758,76,TRUE,"Detroit 2","6slkiHeFK3wW2D1mao0TX3",2020-09-04,"chasin paper",0.724,0.675,2,-5.267,1,0.0867,0.0978,9.41e-06,0.351,0.325,160.048,4
"79","HOME","08hYZJIjLZwUVDiMzzeu0q","Mike Dimes",174915,64,TRUE,"IN DIMES WE TRUST","6iQuqlO95HG2WVqVh4jxRi",2022-03-08,"chasin paper",0.895,0.468,0,-5.777,0,0.378,0.342,0,0.213,0.428,118.019,4
"80","Iffy","3kfqYE0jGONOrkVpkPPOd5","Chris Brown",173549,58,TRUE,"Iffy","0XBvpjHN9Ljrta2iJWw3KR",2022-01-14,"chasin paper",0.415,0.83,6,-5.621,0,0.18,0.0144,0,0.14,0.485,194.746,4
"81","Luigi (feat. Chief Keef)","5GXzyfv0Qiumr8b7V8G4X6","2KBABY",201363,38,TRUE,"First Quarter","4LAiL2z5jIvFRvNSzzFBVG",2021-12-10,"chasin paper",0.708,0.459,7,-10.627,0,0.155,0.0478,0,0.352,0.57,73.97,4
"82","Diet Coke","3BMG9dnjNymT1OGUXQTAXl","Pusha T",179533,60,TRUE,"Diet Coke","6AmzYhYXSHDndclYdVsKeF",2022-02-08,"chasin paper",0.69,0.949,10,-3.13,0,0.379,0.124,0,0.0429,0.757,163.954,4
"83","Money Trees","2HbKqm4o0w5wEeEFXm2sD4","Kendrick Lamar",386906,79,TRUE,"good kid, m.A.A.d city","6PBZN8cbwkqm1ERj2BGXJ1",NA,"chasin paper",0.716,0.531,7,-7.355,1,0.122,0.0703,0,0.224,0.344,71.994,4
"84","Type a Way (feat. Chris Brown & OG Parker)","3wtbl8uMml7VgxaDEvGCJ7","Eric Bellinger",181102,61,TRUE,"The Rebirth 2","6ge7TzHO6gXdfxrtavSr69",2019-02-22,"chasin paper",0.777,0.545,6,-5.009,1,0.0686,0.0429,0,0.0751,0.68,75.01,4
"85","Money Made Me Do It","1ysAvOdJgUjc6CqOQxepaz","Post Malone",224960,61,TRUE,"Stoney (Deluxe)","5s0rmjP8XOPhP6HhqOhuyC",2016-12-09,"chasin paper",0.734,0.429,7,-6.511,1,0.16,0.305,0,0.0659,0.372,83.021,4
"86","Armed And Dangerous","5wujBwqG7INdStqGd4tRMX","Juice WRLD",169999,77,TRUE,"Goodbye & Good Riddance","6tkjU4Umpo79wwkgPMV3nZ",2018-12-10,"chasin paper",0.736,0.67,10,-6.702,1,0.311,0.186,0,0.114,0.845,130.032,4
"87","Bounce It (feat. Wale & Trey Songz)","3N5oiETJEStSB71TjTFkWV","Juicy J",260560,56,TRUE,"Stay Trippy","7h1ut6IUbndKY7QrqcbAND",2013-08-23,"chasin paper",0.785,0.572,11,-9.383,1,0.0859,0.00811,0,0.111,0.477,140.032,4
"88","Sweet Serenade","4nwxCitFgnLugXCl0JFNTJ","Pusha T",219293,53,TRUE,"My Name Is My Name","42oQv8fbI5CbeuAasf2ILC",2013-10-31,"chasin paper",0.722,0.702,7,-6.688,1,0.347,0.0127,0.0051,0.384,0.424,150.056,4
"89","Moonlight","0JP9xo3adEtGSdUEISiszL","XXXTENTACION",135090,81,TRUE,"?","2Ti79nwTsont5ZHfdxIzAm",2018-03-16,"chasin paper",0.921,0.537,9,-5.723,0,0.0804,0.556,0.00404,0.102,0.711,128.009,4
"90","LET IT GO (feat. Justin Bieber & 21 Savage)","1cEhrSF6EylAEqdhUGuNpX","DJ Khaled",165526,68,TRUE,"KHALED KHALED","5kE2OAuUYGBqqzscqgBXXf",2021-04-30,"chasin paper",0.877,0.444,8,-7.547,1,0.172,0.24,0,0.169,0.658,129.06,4
"91","REPEAT IT (with Gunna)","21AJQhGZpujjZQXByZAXpr","Lil Tecca",190344,69,TRUE,"REPEAT IT","0hTvuLmKKMWoBWgPPrpUKF",2021-08-06,"chasin paper",0.681,0.687,9,-7.612,1,0.332,0.0555,0,0.062,0.588,108.641,3
"92","Own Brand Freestyle","1p2VYcXdvno7iVQOOmYkEs","FelixThe1st",153808,0,TRUE,"Own Brand Freestyle","5xltzh5AOddBAoNZChGlE2",2021-10-29,"chasin paper",0.912,0.54,7,-8.038,1,0.305,0.16,0,0.421,0.619,128.068,4
"93","Xanarchy","3etxMncvnemdyJlDVBuIat","Lil Xan",148950,47,TRUE,"Xanarchy","2ybkO5lYEHOiZlAOe1KJrj",2017-07-07,"chasin paper",0.697,0.726,0,-5.204,1,0.22,0.196,2.42e-06,0.704,0.85,161.997,4
"94","Whatever You Need (feat. Chris Brown & Ty Dolla $ign)","6yMxfx9wpiuhhdb8vHDVMu","Meek Mill",205373,53,TRUE,"Wins & Losses","2SCQAZZ5pc90l9SPBsWCIQ",2017-07-21,"chasin paper",0.519,0.57,1,-7.366,1,0.202,0.0254,0,0.0821,0.317,164.155,4
"95","Zone 6 (Remix) (feat. Future & 6LACK)","2tbIldU1Cfdpat40wyJKkn","Young Nudy",236946,47,TRUE,"SlimeBall 3","6NNqD3Z4ETW7AgEKjV6iII",2018-11-02,"chasin paper",0.858,0.406,9,-9.404,1,0.649,0.128,0,0.375,0.596,155.918,4
"96","Suge","2gwkD6igEhQbDQegRCcdoB","DaBaby",163320,72,TRUE,"Baby On Baby","0O1PJ0t69iTO5yWrIeIga0",2019-03-01,"chasin paper",0.876,0.662,2,-6.482,0,0.426,0.0608,0,0.127,0.844,75.445,4
"97","Kick It (feat. Jace)","6wNTA8EAPfrZ4CdS0rKjL9","Childish Major",159985,36,TRUE,"Kick It (feat. Jace)","4DvaQbzeckQZoDoyISnSlP",2020-08-13,"chasin paper",0.839,0.611,3,-4.96,0,0.103,0.0169,0,0.111,0.532,143.988,4
"98","Way 2 Sexy (with Future & Young Thug)","0k1WUmIRnG3xU6fvvDVfRG","Drake",257604,80,TRUE,"Certified Lover Boy","3SpBlxme9WbeQdI9kx7KAV",2021-09-03,"chasin paper",0.803,0.597,11,-6.035,0,0.141,0.000619,4.5e-06,0.323,0.331,136.008,4
"99","too easy (Remix) [feat. Future & Roddy Ricch]","3A3S5pdCJdePtJ0oKeCrCP","Gunna",197133,59,TRUE,"DS4EVER","02uWB8Kekadkl3yGBoOOcx",2022-01-13,"chasin paper",0.784,0.601,5,-6.472,0,0.118,0.0155,0,0.122,0.22,156,4
"100","Favorite (feat. Duckwrth)","3FGj53xlCa43WHUQ4dDF6y","Duckwrth",139805,40,TRUE,"Favorite (feat. Duckwrth)","1hXhxCdpwgqCr7sUu26cS8",2022-01-28,"chasin paper",0.686,0.572,1,-8.105,1,0.259,0.174,0,0.121,0.302,102.794,4
"101","don’t i (feat. Gunna)","4t2HbYiaqvoPsbSrOB0LqS","Roddy Ricch",213453,58,TRUE,"LIVE LIFE FAST","1eVrpJbHRLBbioB9sb5b94",2021-12-17,"chasin paper",0.773,0.566,11,-8.17,0,0.279,0.184,0,0.164,0.262,127.071,4
"102","Lifestyle","7DTlsMOQjGysXHpwwpHuPl","Rich Gang",269693,67,TRUE,"Lifestyle","4EZDdNda2DHRyqoDgTpS4l",2014-06-05,"chasin paper",0.546,0.667,1,-5.236,1,0.274,0.0152,0,0.0895,0.471,87.666,4
"103","10 Bands","12d5QFwzh60IIHlsSnAvps","Drake",177733,66,TRUE,"If You're Reading This It's Too Late","0ptlfJfwGTy0Yvrk14JK1I",2015-02-12,"chasin paper",0.825,0.756,11,-3.687,0,0.383,0.265,2.15e-06,0.0762,0.888,172.938,4
"104","4 Thangs (feat. Big Sean & Hit-Boy)","4wmZtoif8SGm7PDqgKrEXr","Freddie Gibbs",104911,61,TRUE,"4 Thangs (feat. Big Sean & Hit-Boy)","7DaO2NczGej6crL0eTAXcS",2020-10-30,"chasin paper",0.813,0.557,10,-6.655,0,0.133,0.0547,0,0.128,0.764,83.012,4
"105","Transportin'","1WIZiOuNO3woKfdlSK2gNn","Kodak Black",169344,72,TRUE,"Project Baby 2: All Grown Up","51wp3EOOp2mBIjhZjR7W0i",2017-08-18,"chasin paper",0.804,0.66,10,-4.86,0,0.0726,0.0319,0,0.103,0.257,94.053,4
"106","Big 14 (feat. Offset & Moneybagg Yo)","7rQ84WsT2Wcnrz5gTmbGmw","Trippie Redd",247458,75,TRUE,"Big 14 (feat. Offset & Moneybagg Yo)","4QjFj3RCLsh7x7mwdaaEfO",2022-08-05,"chasin paper",0.71,0.828,1,-4.725,1,0.0726,0.199,0,0.168,0.316,128.027,4
"107","Bigger Than You (feat. Drake & Quavo)","5S1IUPueD0xE0vj4zU3nSf","2 Chainz",225893,58,TRUE,"Bigger Than You feat. Drake & Quavo","3Lh72gPELN4MIUJd3dYN6I",2018-06-15,"chasin paper",0.888,0.515,1,-6.246,1,0.271,0.247,0,0.446,0.264,141.009,4
"108","Just Like Martin","0946VVOuYpcWD04kxXHZzP","IDK",153575,42,TRUE,"Just Like Martin","4BHB0sXSZxnTsPwWNWgVzI",2021-03-18,"chasin paper",0.519,0.605,9,-7.802,1,0.315,0.0151,0.00567,0.374,0.44,249.438,3
"109","Slide (Ft. 21 Savage / Remix)","3479IDKcKrsY7JDZjNXfHW","Madmarcc",155135,64,TRUE,"Slide (Ft. 21 Savage / Remix)","2R8xL4YlMBUYBDqEyhX50g",2022-08-03,"chasin paper",0.762,0.543,1,-7.898,1,0.326,0.067,0,0.0978,0.427,161.016,4
"110","WHOLE LOTTA MONEY","5yorXJWdBan1Vlh116ZtQ7","BIA",156005,64,TRUE,"FOR CERTAIN","5B857SgrQIAmcJGj0sFOSg",2020-12-11,"chasin paper",0.897,0.371,1,-5.019,1,0.368,0.0904,0,0.325,0.441,81.008,4
"111","CLONES","6zlBoRMKQv2UyrafMVoQlq","Tierra Whack",171392,46,TRUE,"CLONES","2WdbAWRuaVLIT1BvcVP0sR",2019-02-26,"chasin paper",0.791,0.494,9,-8.705,1,0.347,0.184,0.0182,0.482,0.6,146.003,4
"112","I Like Tuh","0oGKiPNDmAsgAWdF4mAR4g","Carnage",189000,54,TRUE,"Papi Gordo","4YlVZDAPmGGRneJh8Bx8Oy",2015-10-30,"chasin paper",0.617,0.545,1,-5.288,0,0.0667,0.334,0,0.281,0.563,174.942,4
"113","Dizzy","0AQYqyuHHYE68n144I1lD0","KAS",219794,32,TRUE,"Dizzy","4AmT2k0O7A9Iu8bs2IeXx1",2019-07-26,"but my feet in bottega",0.683,0.539,5,-10.75,1,0.115,0.0741,0,0.241,0.711,153.94,4
"114","2 AM","3g3RCV5ImXwzHpKwM2iunc","Swavay",198577,55,TRUE,"Pure Infinity","4fJwg97iKoiaVQrljDyBJf",2019-05-24,"but my feet in bottega",0.783,0.341,7,-12.353,1,0.0727,0.434,9.85e-05,0.362,0.184,126.799,4
"115","Golden Child","04QWC97Dvd9g0IEDoyUDBX","Shaboozey",177773,46,FALSE,"Lady Wrangler","2xUAnts1jM9tnbxi23Jf5O",2018-10-05,"but my feet in bottega",0.792,0.591,0,-8.848,1,0.29,0.362,1.89e-06,0.36,0.365,151.029,4
"116","Eazy","6Ab81Bs9fcOwaTYuBsUUpI","The Game",234288,69,TRUE,"Eazy","26LYxs49CqC9WUZWiEK3jT",2022-01-15,"but my feet in bottega",0.716,0.551,1,-6.987,1,0.47,0.167,0,0.197,0.305,82.393,4
"117","Wasting Angels (with The Kid LAROI)","2OcSE0EXzgUuqkM1NIJPHJ","Post Malone",243158,74,FALSE,"Twelve Carat Toothache","3HHNR44YbP7XogMVwzbodx",2022-06-03,"but my feet in bottega",0.583,0.43,9,-7.748,1,0.0353,0.801,0,0.0867,0.367,84.967,4
"118","66","6tarvNiKnEjYMj1VZhlDqR","Lil Yachty",153474,61,TRUE,"Lil Boat 2","4nHOF3neSo6Y7OG5OAflkC",2018-03-09,"but my feet in bottega",0.667,0.723,5,-4.31,0,0.27,0.0455,0.000193,0.213,0.251,148.058,4
"119","ON GOD (feat. Young Thug)","5euYMGygjq2IAfpzOD08Qb","Juice WRLD",250271,62,TRUE,"Death Race For Love (Bonus Track Version)","1btu0SV2DOI5HoFsvUd78F",2019-03-08,"but my feet in bottega",0.798,0.723,5,-6.231,0,0.0601,0.0926,0,0.112,0.338,145.992,4
"120","Brand New","51m0quCwhyDTKflI5sH0uc","YSB Tril",192000,40,TRUE,"Brand New","1B0Xz6cMxGMM8Ib7JlszZ7",2021-11-05,"but my feet in bottega",0.835,0.517,4,-6.742,0,0.157,0.125,0,0.174,0.544,140.009,4
"121","HOTEL LOBBY (Unc & Phew)","0QNNd0qMCDbraS1nQPg3aA","Quavo",142657,81,TRUE,"HOTEL LOBBY (Unc & Phew)","0zWZX428gMb9vSBUMRdDiy",2022-05-20,"but my feet in bottega",0.821,0.636,11,-4.479,1,0.169,0.142,0,0.233,0.163,127.961,4
"122","Webbie (feat. Duke)","6pRkwu4Pt9d7Ki6g4ppOYj","Young Thug",235893,49,TRUE,"JEFFERY","7EpUpNUkkEGnaCvkcn1j4H",2016-08-26,"but my feet in bottega",0.696,0.589,1,-7.033,0,0.295,0.123,0,0.134,0.273,78.52,4
"123","Dunno","3YnwIp2b99p3e5dsFTXIIx","Mac Miller",237093,65,TRUE,"Swimming","5wtE5aLX5r7jOosmPhJhhk",2018-08-03,"but my feet in bottega",0.622,0.229,1,-11.322,1,0.0445,0.768,0.00906,0.134,0.0998,81.87,4
"124","Yacht Club (feat. Juice WRLD)","5R2rsbwCDXORX2tLfprRmM","Lil Yachty",166343,71,TRUE,"Nuthin' 2 Prove","4qplno3lbet8WvuTGdDG3T",2018-10-19,"but my feet in bottega",0.721,0.508,7,-7.496,1,0.394,0.317,0,0.153,0.457,159.911,4
"125","Tennessee","1PDOSyRGnlMRRt22mb3UHA","Allan Rayman",190600,50,TRUE,"Hotel Allan","15EU4ZbtuJ6inaJ22eIgsR",2016-10-28,"but my feet in bottega",0.738,0.549,6,-5.647,1,0.3,0.725,0.00334,0.108,0.27,174,4
"126","Real Friends","66Q3fAmSX5eHamgbKa9alP","Kanye West",251573,66,TRUE,"The Life Of Pablo","7gsWAHLeT0w7es6FofOXk1",2016-06-10,"but my feet in bottega",0.441,0.744,6,-6.248,0,0.476,0.262,0.000382,0.138,0.124,81.396,4
"127","Nowadays (feat. Landon Cube)","2u7mxWSeoqTXndK5e08jMp","Lil Skies",203907,68,TRUE,"Life of a Dark Rose","0CuYNS755Ow710G2E7aLDE",2017-12-12,"but my feet in bottega",0.745,0.646,6,-6.987,0,0.17,0.157,0,0.338,0.46,79.993,4
"128","Thousand Miles","1r8ZCjfrQxoy2wVaBUbpwg","The Kid LAROI",164781,83,TRUE,"Thousand Miles","5x23D06mbAdtkU9N9JrZyf",2022-04-22,"but my feet in bottega",0.376,0.657,7,-4.658,1,0.0768,0.0858,0,0.0884,0.203,80.565,4
"129","NOT SOBER (feat. Polo G & Stunna Gambino)","29t9XYOV65fFXiVzFFJgHH","The Kid LAROI",216000,54,TRUE,"F*CK LOVE 3+: OVER YOU","576UTio7xgY7YUxrHMzxeI",2021-07-27,"but my feet in bottega",0.671,0.639,2,-6.852,0,0.134,0.0928,0,0.0941,0.385,119.82,5
"130","Waiting For Never","753lkDSNs2u188xbl8Vrnx","Post Malone",196986,72,TRUE,"Twelve Carat Toothache (Deluxe)","50MzJhO0pMjTsfpeOmZ1so",2022-06-07,"but my feet in bottega",0.593,0.834,10,-3.738,1,0.0424,0.115,0,0.191,0.555,151.944,4
"131","Love You More (with Nate Ruess, Gunna & Jeff Bhasker)","4pUxYUHVKXWsgGhEhOu7R9","Young Thug",221913,52,TRUE,"Punk","7IKkHmEk4It4cRdOYanyvW",2021-10-15,"but my feet in bottega",0.668,0.376,6,-10.865,1,0.0575,0.575,0.00111,0.103,0.246,137.981,4
"132","Blastoff (feat. Juice Wrld & Trippie Redd)","2rFsFjq0D9JAmc0APpCO6P","Internet Money",174729,65,TRUE,"B4 The Storm","6U5j597olXfdjtd6wHd3Cu",2020-08-29,"but my feet in bottega",0.761,0.517,5,-6.916,1,0.0927,0.114,0,0.157,0.46,147.912,4
"133","Dead And Gone","7IhsLJMqdxoo7YAZjaSMru","T.I.",299746,68,TRUE,"Paper Trail","5PfepkNWgRR2DI02Y8AawC",2008-09-07,"but my feet in bottega",0.713,0.746,0,-4.99,1,0.259,0.0402,0,0.601,0.47,135.021,4
"134","Roses","6qc5EODnUU7XX4zn8B4c89","GASHI",169573,60,TRUE,"GASHI","1fd9ERd2XLppseTB8bTbBW",2019-09-20,"but my feet in bottega",0.497,0.587,5,-6.097,1,0.034,0.475,0,0.172,0.391,150.104,4
"135","Purge","3OORhRpIhCk21HaJwMAp5t","Bas",186613,54,TRUE,"Milky Way","6sDQacCej53Q43vZF9PJ8i",2018-08-24,"but my feet in bottega",0.908,0.535,7,-8.509,0,0.292,0.632,0,0.214,0.271,115.016,4
"136","Woozie","2uIukEsbb5yvC3ZK7CWk6G","K CAMP",183898,53,TRUE,"Woozie","1p7sH76jGrSLEAX9UzmCpq",2022-05-24,"but my feet in bottega",0.878,0.27,1,-10.064,1,0.402,0.0192,4.94e-06,0.163,0.118,162.022,4
"137","Denial","4MQnXVR8DJvsySuXYuzUtf","Rae Sremmurd",180000,64,TRUE,"Denial","7pU5A0t0YLo1BMH5OE67Uc",2022-06-08,"but my feet in bottega",0.656,0.597,7,-7.745,1,0.298,0.0861,0,0.122,0.277,91.956,4
"138","Cutlass (ft. ScHoolboy Q)","6vBczVPPas3vqNDFX9u7q0","AUGUST 08",200394,50,TRUE,"Towards The Sun","57XXE3V0P60nJkG68roJiH",2022-05-20,"but my feet in bottega",0.743,0.756,10,-5.593,0,0.27,0.446,0,0.113,0.664,84.488,4
"139","FLIP THE SWITCH (feat. Drake)","1rlIrbWboTRGeKfHhgbJRZ","Quavo",156195,67,TRUE,"QUAVO HUNCHO","2DjfazR5N3TgXBQ7oVALA1",2018-10-12,"but my feet in bottega",0.853,0.637,3,-5.924,0,0.331,0.129,0,0.267,0.496,86.048,4
"140","Can't Leave You Alone (feat. Juice WRLD)","5kS3Kw2elRTrodnsyQuhvI","Maroon 5",196898,61,FALSE,"JORDI (Deluxe)","1pCA38N6MkLlthXtAOvZTU",2021-06-11,"but my feet in bottega",0.727,0.53,8,-7.296,1,0.0703,0.159,0,0.105,0.43,139.996,4
"141","Honest (feat. Don Toliver)","2KdKh9vHbKW0tZLqtpxxI0","Justin Bieber",193322,77,TRUE,"Honest","2luYA3MBCKI7SfK3K0U3xf",2022-04-29,"but my feet in bottega",0.81,0.655,8,-6.779,0,0.0698,0.127,8.16e-05,0.105,0.809,150.002,4
"142","Livin It Up (with Post Malone & A$AP Rocky)","7zjEyeBsaw9gV0jofJLfOM","Young Thug",210906,75,TRUE,"Punk","7IKkHmEk4It4cRdOYanyvW",2021-10-15,"but my feet in bottega",0.767,0.313,7,-12.059,1,0.0798,0.838,0,0.105,0.765,82.582,4
"143","[Admire Her] (with Gunna)","4wJKTG3bAleqUXmylh83Id","Bas",157777,60,TRUE,"[BUMP] Pick Me Up","6zRk8SdWozgrlByoZJkCjM",2022-04-15,"but my feet in bottega",0.883,0.507,1,-7.188,0,0.244,0.366,0,0.136,0.294,138.008,4
"144","Falling Back","5zyZM1EiSqrniyqtprwxpv","Drake",266178,67,FALSE,"Honestly, Nevermind","2hicq6IKmDsPxZV7fJablX",2022-06-16,"but my feet in bottega",0.718,0.758,10,-8.29,1,0.0703,0.238,0.00653,0.11,0.349,118.989,4
"145","iPHONE (with Nicki Minaj)","3GX2hFAekmSduZzcS52OnR","DaBaby",191920,52,TRUE,"KIRK","1NsTSXjVNE7XmZ8PmyW0wl",2019-09-27,"but my feet in bottega",0.733,0.574,1,-6.409,0,0.266,0.243,0,0.231,0.305,159.987,4
"146","Dreams, Fairytales, Fantasies (feat. Brent Faiyaz & Salaam Remi)","5oady7OSE7dH7LHiqmb3Cr","A$AP Ferg",222986,74,TRUE,"Floor Seats","6bI4IQKBcLX0KsTjQ9NR97",2019-08-16,"but my feet in bottega",0.737,0.597,7,-7.333,1,0.119,0.292,0,0.13,0.449,92.049,4
"147","ALL OVER AGAIN","3LpbHOkTRZ0ls06L0xKdpH","Josh Levi",127802,40,TRUE,"DISC TWO","4oLifZ7YzWlekv5sfcqmPp",2022-06-09,"but my feet in bottega",0.63,0.594,2,-6.938,1,0.149,0.0597,0,0.108,0.284,154.043,4
"148","Big Lie","02opp1cycqiFNDpLd2o1J3","Post Malone",207680,61,TRUE,"Stoney (Deluxe)","5s0rmjP8XOPhP6HhqOhuyC",2016-12-09,"but my feet in bottega",0.442,0.684,6,-4.888,0,0.168,0.191,0,0.0725,0.218,170.861,4
"149","Die Hard","6gI9b2VsoWhjhIuIeToDVs","Kendrick Lamar",239026,62,TRUE,"Mr. Morale & The Big Steppers","1atjqOZTCdrjxjMyCPZc2g",2022-05-13,"but my feet in bottega",0.775,0.736,1,-8.072,0,0.247,0.319,0.00116,0.127,0.362,100.988,4
"150","Goldmine","6PhMHHmpK37QUV7KYkJxXn","Justin Stone",128000,45,TRUE,"MAYBE NEXT YEAR","03B9SdeuMbbpS9nIBMGeau",2022-06-03,"but my feet in bottega",0.696,0.53,9,-8.977,1,0.138,0.674,2.85e-05,0.179,0.252,75.03,4
"151","All Girls Are The Same","4VXIryQMWpIdGgYR4TrjT1","Juice WRLD",165819,82,TRUE,"Goodbye & Good Riddance","6tkjU4Umpo79wwkgPMV3nZ",2018-12-10,"but my feet in bottega",0.671,0.529,0,-7.226,1,0.307,0.0769,0.000335,0.0856,0.203,161.989,4
"152","What Would Meek Do?","5vnuJ8EopkP5dHukpOmT3L","Pusha T",153266,52,TRUE,"DAYTONA","07bIdDDe3I3hhWpxU6tuBp",2018-05-25,"but my feet in bottega",0.678,0.636,1,-3.155,1,0.0782,0.0064,8.38e-06,0.177,0.0636,83.071,4
"153","Scrape It Off (feat. Lil Uzi Vert & Don Toliver)","1dp8aQANyTRKssDeAYPiZe","Pusha T",152612,74,TRUE,"It's Almost Dry","6o38CdD7CUlZDCFhjZYLDH",2022-04-22,"but my feet in bottega",0.594,0.679,7,-3.702,1,0.345,0.484,7.83e-06,0.114,0.66,106.726,5
"154","a m a r i","2cnKST6T9qUo2i907lm8zX","J. Cole",148421,74,TRUE,"The Off-Season","4JAvwK4APPArjIsOdGoJXX",2021-05-14,"but my feet in bottega",0.725,0.713,4,-6.173,0,0.187,0.127,0,0.617,0.207,65.988,4
"155","Burberry Headband","3fB96InfRUB2DCjbrfzKUt","Lil Mosey",146225,59,TRUE,"Northsbest (Extended)","6lggWd5q9Rh66OkDE1eNDr",2018-10-19,"but my feet in bottega",0.714,0.647,8,-6.865,1,0.037,0.598,0,0.0943,0.67,150.992,4
"156","Scorpio","0BFGDkrXAneskCJdudSCro","Moneybagg Yo",165772,65,TRUE,"A Gangsta’s Pain: Reloaded","527JxbrqUTevhf0mgQlMWB",2021-10-22,"but my feet in bottega",0.736,0.532,1,-7.151,1,0.265,0.0292,8.86e-06,0.0806,0.273,84.983,4
"157","D.M.B.","7IBLt4Qarf4JDLxIQDv2O5","A$AP Rocky",291611,70,TRUE,"D.M.B.","1o13E5QES3KCOg85oF0KNa",2022-05-05,"but my feet in bottega",0.727,0.616,8,-8.487,1,0.338,0.542,4.47e-06,0.482,0.392,140.014,4
"158","The God Hour","4Acntw4W2FfI7CDAIsCBjq","A$AP ANT",155076,60,TRUE,"Lil Black Jean Jacket 3","1mFoolgRsDNPx9aizPSYDn",2022-05-11,"but my feet in bottega",0.777,0.713,0,-7.481,1,0.288,0.0832,1.38e-06,0.545,0.385,129.964,4
"159","Ballin' (with Roddy Ricch)","3QzAOrNlsabgbMwlZt7TAY","Mustard",180434,78,TRUE,"Perfect Ten","2WrNHOba5u6P9S9xEboaUy",2019-06-28,"but my feet in bottega",0.809,0.545,7,-6.678,1,0.0735,0.392,0,0.151,0.244,97.008,4
"160","don’t i (feat. Gunna)","4t2HbYiaqvoPsbSrOB0LqS","Roddy Ricch",213453,58,TRUE,"LIVE LIFE FAST","1eVrpJbHRLBbioB9sb5b94",2021-12-17,"but my feet in bottega",0.773,0.566,11,-8.17,0,0.279,0.184,0,0.164,0.262,127.071,4
"161","Big Money","6QueNJeQGIW8qZoHqCF7un","Money Man",161568,54,TRUE,"Big Money","76fs9BkDU369ScWTlWaTt4",2022-06-10,"but my feet in bottega",0.726,0.633,0,-8.094,0,0.08,0.0206,0.00398,0.128,0.379,76.509,4
"162","Armed And Dangerous","5wujBwqG7INdStqGd4tRMX","Juice WRLD",169999,77,TRUE,"Goodbye & Good Riddance","6tkjU4Umpo79wwkgPMV3nZ",2018-12-10,"but my feet in bottega",0.736,0.67,10,-6.702,1,0.311,0.186,0,0.114,0.845,130.032,4
"163","Promises","6TL5uq31JarmrpEGTNNyKG","Wiz Khalifa",210466,57,TRUE,"Blacc Hollywood (Deluxe)","2pl9PVgr8QFKRGY0HY69GI",2014-08-19,"but my feet in bottega",0.565,0.585,1,-5.723,0,0.0536,0.0265,0,0.274,0.259,140.8,5
"164","High Fashion (feat. Mustard)","07KXEDMj78x68D884wgVEm","Roddy Ricch",220486,73,TRUE,"Please Excuse Me for Being Antisocial","52u4anZbHd6UInnmHRFzba",2019-12-06,"but my feet in bottega",0.831,0.499,11,-8.442,0,0.114,0.269,0,0.3,0.511,97.956,4
"165","Safe Zone","5OGCPHq0xRNfJCQu1nsKwe","Lonr.",155892,29,FALSE,"Land Of Nothing Real","5RtnCCLZrqAV83rjf1rpUF",2020-04-24,"but my feet in bottega",0.749,0.409,10,-5.674,0,0.0297,0.355,0,0.136,0.238,132.113,4
"166","I Cannot Be (A Sadder Song) (with Gunna)","4IxeKzzxUSEgivgtbSbyIK","Post Malone",169824,71,TRUE,"Twelve Carat Toothache","3HHNR44YbP7XogMVwzbodx",2022-06-03,"but my feet in bottega",0.517,0.668,1,-6.012,1,0.116,0.0712,0,0.407,0.646,79.782,4
"167","Erase Your Social","4uhvMW7ly7tJil31YYscAN","Lil Uzi Vert",199993,73,TRUE,"The Perfect LUV Tape","6LX75kNicFqjjiAOeZgN67",2016-08-10,"but my feet in bottega",0.705,0.609,3,-5.728,1,0.0729,0.694,0,0.234,0.718,140.058,4
"168","Baby (feat. iann dior)","5PdO1SWLzsnBmPJHVLoPsS","DJ Scheme",156007,43,TRUE,"FAMILY","7CUmEkXzsnL13LU8XQnlbC",2020-12-04,"but my feet in bottega",0.688,0.523,2,-10.181,0,0.0619,0.228,0,0.14,0.622,79.984,4
"169","Lick","4W9XGjEUVG9junR70FOLii","Offset",204515,58,TRUE,"FATHER OF 4","6bPpXqJRpjwy0hLyUGtzYc",2019-02-22,"but my feet in bottega",0.959,0.539,4,-6.611,0,0.0958,0.172,0,0.108,0.657,103,4
"170","Money and the Power","0Altlm3kLPob56k2qqR4i2","Kid Ink",207133,55,TRUE,"My Own Lane (Expanded Edition)","6qBNm8dkdowRUUrN7uwR11",2014-01-06,"but my feet in bottega",0.562,0.682,0,-5.883,1,0.0898,0.0281,4.5e-05,0.125,0.385,174.071,4
"171","Chateau","2mbAFKj9gePjW91G1WH3sp","Jaden",135880,44,TRUE,"ERYS (Deluxe)","6cKBoHXh7dKn2gVsGniZ58",2019-07-05,"but my feet in bottega",0.759,0.812,8,-4.257,1,0.251,0.251,0,0.348,0.229,139.911,4
"172","Shoota (feat. Lil Uzi Vert)","2BJSMvOGABRxokHKB0OI8i","Playboi Carti",153800,79,TRUE,"Die Lit","7dAm8ShwJLFm9SaJ6Yc58O",2018-05-11,"but my feet in bottega",0.673,0.649,1,-8.433,0,0.196,0.188,0,0.122,0.47,153.075,4
"173","In My Room","4S4Mfvv03M1cHgIOJcbUCL","Frank Ocean",133680,76,TRUE,"In My Room","71VX8yv9T2hNIYVZJVUWVp",2019-11-02,"but my feet in bottega",0.861,0.647,7,-7.425,1,0.0675,0.594,0.661,0.114,0.67,158.037,4
"174","Guap","7G0PgkkbavF7Rh4zNrUxH0","Big Sean",271653,50,TRUE,"Hall Of Fame (Deluxe)","5RlT8X7XGGLKUhoimrDl54",2013-01-01,"but my feet in bottega",0.65,0.723,1,-5.807,1,0.172,0.311,0,0.412,0.556,146.076,4
"175","Broccoli","0qy5D3OJre7SPJNMOL9I71","Shelley FKA DRAM",225205,65,TRUE,"Broccoli","4mchkmnzdTYIEAnw2FijA3",2016-04-06,"but my feet in bottega",0.886,0.525,8,-7.39,1,0.132,0.236,0,0.057,0.708,145.99,4
"176","Straightenin","3X2r2CnHOJeV5YekPTgBnK","Migos",255532,63,TRUE,"Straightenin","7MFj8Fxl8OrEAOyOBSMz51",2021-05-14,"but my feet in bottega",0.847,0.629,9,-5.81,1,0.102,0.0318,0,0.152,0.109,135.976,4
"177","Lemonade","6rUcS9i07F6okIe8wujs5J","Gucci Mane",246013,59,TRUE,"The State vs. Radric Davis (Deluxe)","0VeraxKSlJGusnOHYGOtWq",2009-12-04,"but my feet in bottega",0.741,0.658,7,-7.758,1,0.0853,0.643,3.43e-06,0.307,0.746,142.057,4
"178","Tommy Lee (feat. Post Malone)","5QZKcQDp0tCcvMdyqEciBV","Tyla Yaweh",224638,68,TRUE,"Tommy Lee (feat. Post Malone)","2PFiZ23ZyPTcgwmXk4X6o0",2020-06-12,"but my feet in bottega",0.457,0.621,10,-5.923,1,0.138,0.218,0,0.0944,0.634,85.359,3
"179","Fresh Water","2UbdtdpOW3URCTqKsPATJg","Felly",169160,49,TRUE,"Young Fel 2","265rgx93RpuQmpok31gynl",2021-10-22,"but my feet in bottega",0.68,0.384,4,-8.783,0,0.0811,0.498,1.97e-06,0.166,0.314,80.522,4
"180","Come Around Me","2o9LAypwGH4ctV0i9boo6d","Justin Bieber",200773,67,FALSE,"Changes","63iWSELt9V1kV6RSMxN7Ii",2020-02-14,"but my feet in bottega",0.648,0.681,2,-8.389,0,0.0378,0.263,0.00783,0.0971,0.767,157.941,4
"181","Ring Ring (with Rvssian feat. Clever)","4zxpssj8DyrfZcEUSUiNxG","Juice WRLD",171816,5,TRUE,"Death Race For Love","1GYVNOzwhx1nMcIJDogSNp",2019-03-08,"but my feet in bottega",0.581,0.673,0,-4.421,0,0.0549,0.0768,0,0.4,0.621,160.073,4
"182","Ring Ring (feat. Vory)","4RsLvd1zrcEiyXZmTU3E27","Rich The Kid",167335,38,TRUE,"The World Is Yours 2","6GDXnx6AUDGH0tpxXQX0Kn",2019-03-22,"but my feet in bottega",0.62,0.616,9,-6.256,1,0.148,0.226,0,0.0598,0.44,144.075,4
"183","The Plan (feat. Juicy J)","4Jgt0PEIv2b7hMHoCHPLbQ","Wiz Khalifa",294026,48,TRUE,"O.N.I.F.C. (Deluxe)","5S4SuPHbaozi5PDedAONTG",2012-12-04,"but my feet in bottega",0.563,0.704,1,-4.76,1,0.107,0.275,0,0.114,0.372,120.005,4
"184","Coco (feat. DaBaby)","2V6pjeOCuPBVlatcWTXUtP","24kGoldn",142000,4,TRUE,"Coco (feat. DaBaby)","2wIHInPRTBuGELQ3tdB3pc",2020-12-04,"but my feet in bottega",0.692,0.774,7,-4.385,0,0.0872,0.146,0,0.155,0.533,98.066,4
"185","Intentions (feat. Quavo)","4umIPjkehX1r7uhmGvXiSV","Justin Bieber",212866,77,FALSE,"Changes","63iWSELt9V1kV6RSMxN7Ii",2020-02-14,"but my feet in bottega",0.806,0.546,9,-6.637,1,0.0575,0.3,0,0.102,0.874,147.986,4
"186","Van Hayden","3UfpqCUS9euaswAOot4irW","Bankrol Hayden",170847,57,TRUE,"Van Hayden","1hy7VNroMZgy8StQT5qNCB",2022-05-27,"but my feet in bottega",0.856,0.519,2,-8.25,1,0.0799,0.143,0,0.152,0.433,118.021,4
"187","Like Me (feat. iann dior)","706ZrLifsm0nwlucKr4kQg","$NOT",167146,68,TRUE,"Beautiful Havoc","62m2Y4PVeyW4TbmPSBvb0x",2020-10-30,"but my feet in bottega",0.902,0.462,7,-7.945,1,0.0979,0.19,2.15e-06,0.094,0.646,103.984,4
"188","Lifestyle","7DTlsMOQjGysXHpwwpHuPl","Rich Gang",269693,67,TRUE,"Lifestyle","4EZDdNda2DHRyqoDgTpS4l",2014-06-05,"but my feet in bottega",0.546,0.667,1,-5.236,1,0.274,0.0152,0,0.0895,0.471,87.666,4
"189","In My Head (feat. Travis Barker)","3I3O8aazwBKkXN6RNjY06L","24kGoldn",130117,66,FALSE,"In My Head (feat. Travis Barker)","7CN4YY7AIz6Fh1FYNlRvaS",2022-03-25,"but my feet in bottega",0.669,0.707,10,-4.607,1,0.0668,0.00311,1.07e-06,0.0784,0.529,159.982,4
"190","The Best Part of Life","0kUz4NuENHYVUChlthlNaB","SAINt JHN",196873,65,FALSE,"The Best Part of Life","3TrtHC3Pq5wtbbiGspOxWq",2021-12-17,"but my feet in bottega",0.393,0.724,4,-5.54,1,0.0825,0.0676,0,0.205,0.147,89.684,5
"191","Petty Too (feat. Future)","0VlpgNPHWCyh8xxLcaK2fp","Lil Durk",159926,70,TRUE,"7220","0vRN2oePynCSTspdY9NDsM",2022-03-11,"but my feet in bottega",0.824,0.577,2,-9.443,1,0.357,0.0109,0,0.107,0.442,154.081,4
"192","Savior","0YeUVm23SAkUruwEx9LWnt","Kendrick Lamar",224466,56,TRUE,"Mr. Morale & The Big Steppers","1atjqOZTCdrjxjMyCPZc2g",2022-05-13,"but my feet in bottega",0.605,0.692,8,-7.45,1,0.446,0.495,0,0.303,0.685,124.84,5
"193","So You Fell in Love","5J5vi9kP8skmhj5Hzd5jA1","Felly",171200,50,FALSE,"So You Fell in Love","4L4esEZU1CpF8wyS12eRG4",2021-01-29,"but my feet in bottega",0.785,0.575,6,-8.284,0,0.0566,0.676,0.00017,0.135,0.449,149.99,4
"194","Pretty Girls","3fKdTr6Uv8HTb92Ih3QWxa","iann dior",133608,64,TRUE,"I'm Gone","4Wb5bU9FkmZ84WkkL37rKA",2020-06-12,"but my feet in bottega",0.732,0.511,6,-6.779,1,0.0541,0.276,0,0.0916,0.62,96.946,4
"195","Essence (feat. Justin Bieber & Tems)","1mSdbey7RstGLY2udgXv74","WizKid",263288,68,FALSE,"Essence (feat. Justin Bieber & Tems)","0Rn8NAh8NnoaCOt8r8Tc3e",2021-08-13,"but my feet in bottega",0.835,0.691,0,-5.828,1,0.113,0.0159,1.44e-05,0.108,0.581,103.999,4
"196","Candy Paint","32lItqlMi4LBhb4k0BaSaC","Post Malone",227533,75,TRUE,"beerbongs & bentleys","6trNtQUgC8cgbWcqoMYkOR",2018-04-27,"but my feet in bottega",0.664,0.667,4,-5.941,1,0.154,0.64,1.22e-06,0.0753,0.381,180.064,4
"197","Out Of Love (feat. Internet Money)","0IJA9KP6rT55jrP1YpTdhx","Lil Tecca",153626,73,TRUE,"Virgo World","389zGArsMlwuPorS4Cw7IX",2020-09-18,"but my feet in bottega",0.732,0.636,7,-6.162,0,0.0497,0.0847,0,0.241,0.358,138.061,4
"198","Talk To Me","3JC7yQXolDYi73VON6zPGw","Lxst",129435,40,TRUE,"Over Me","06ik2ELH6urYbKgbzRh0jK",2021-07-24,"but my feet in bottega",0.666,0.412,8,-10.036,1,0.0619,0.253,0,0.12,0.374,82.969,4
"199","16","1Is8hGpkGMiePASAxBluxM","Baby Keem",156040,77,TRUE,"The Melodic Blue","3r46DPIQeBQbjvjjV5mXGg",2021-09-10,"but my feet in bottega",0.701,0.782,1,-4.987,1,0.138,0.0918,2.31e-06,0.124,0.57,94.03,4
"200","Like This","0S7ZtguNk7PWS6f33hlfRn","2KBABY",163813,52,TRUE,"First Quarter","4LAiL2z5jIvFRvNSzzFBVG",2021-12-10,"but my feet in bottega",0.712,0.679,4,-6.261,1,0.0649,0.0394,0,0.195,0.57,160.003,4
"201","Gorgeous","75Q69chmd8CEZbVsA4CDMm","mansionz",148493,64,TRUE,"Mansionz","5WS1g0cKtjfK6eDoSLdv7d",2017-03-24,"but my feet in bottega",0.833,0.545,2,-4.004,0,0.462,0.352,0,0.0915,0.541,77.035,4
"202","MAGIC","5FvXe5bz4nQQ4eBaitt4EC","Vince Staples",226006,59,TRUE,"MAGIC","0pVhqkfdTywxdrHc3RCo7u",2022-02-14,"but my feet in bottega",0.743,0.578,9,-6.653,0,0.184,0.273,7.77e-05,0.13,0.292,90.021,4
"203","Lies (feat. Lil Skies)","1hOoLI7psTWFbQ0oCNfcSF","Lil Xan",206386,56,TRUE,"Lies (feat. Lil Skies)","78FbQa5iu2HrqV50U4r4kf",2018-07-13,"but my feet in bottega",0.779,0.626,10,-7.73,0,0.067,0.0262,0.00488,0.114,0.419,140.078,4
"204","Replacements","2fVtXxKKnGzwWUeZXlZiaf","ADÉ",136881,43,TRUE,"Replacements","5lszkYLr97czm0ewRqsJyJ",2020-05-01,"but my feet in bottega",0.876,0.868,0,-4.934,0,0.196,0.00548,0,0.0591,0.804,155.985,4
"205","DnF (feat. Drake & Future)","6AaOtHsKd195ec0Y4kC9ER","Preme",206266,52,TRUE,"DnF (feat. Drake & Future)","7o1c3ILj4edCp9PH7sg7BM",2014-08-25,"but my feet in bottega",0.721,0.607,0,-7.078,0,0.277,0.0958,0,0.29,0.59,76.987,4
"206","Rain","5R6Q2E0wC10LDfrLLcKtwD","Azizi Gibson",179076,55,TRUE,"Backward Books 2","5ED0GoysTq0UklFRc3HQYa",2018-10-05,"but my feet in bottega",0.711,0.549,4,-6.951,1,0.049,0.215,0,0.0824,0.443,130.045,4
"207","Go Again","4pJHOKnhaj53aTQwM0Vigb","RIZ LA VIE",145600,48,FALSE,"Go Again","78egLdqpviDIASDHbQg79i",2021-07-28,"but my feet in bottega",0.759,0.378,0,-10.902,1,0.097,0.278,1.82e-06,0.0937,0.182,149.89,4
"208","Wedding Day","4FgOFhLOz8kJwWuHE58HVw","SAINt JHN",196302,51,TRUE,"Ghetto Lenny's Love Songs","0ufGvePLRPce9olVIZhRyE",2019-08-23,"but my feet in bottega",0.646,0.6,0,-5.418,1,0.0821,0.0387,1.49e-06,0.119,0.514,160.106,4
"209","Believe in Me","3LtPtjp7l5WfbLgIGG7ta9","Calabasas",177034,27,TRUE,"Believe in Me","65FrOb2nCXcaRpTwrjjXie",2020-07-03,"but my feet in bottega",0.556,0.315,2,-9.128,1,0.136,0.282,3.83e-06,0.111,0.471,153.748,4
"210","Moonwalk","0bJQ2EJndGgy6gN63wSHty","Rexx Life Raj",166457,58,TRUE,"Father Figure 3: Somewhere Out There","0vXeeb0BRZOZqkfARsPNA3",2019-11-06,"but my feet in bottega",0.706,0.48,0,-10.421,1,0.298,0.411,0,0.103,0.682,75.05,4
"211","is it you","0hGRIPiiHZKFSXvvUqeXSX","iann dior",171226,54,TRUE,"on to better things","0sb3OPjnOZEgWrAhwSyGJc",2022-01-21,"but my feet in bottega",0.428,0.715,7,-5.899,1,0.0573,0.514,0,0.12,0.185,80.907,4
"212","Bacc Seat (feat. Ty Dolla $ign)","6In6SkveIw26thdYRhHTVX","Roddy Ricch",172320,67,TRUE,"Please Excuse Me for Being Antisocial","52u4anZbHd6UInnmHRFzba",2019-12-06,"but my feet in bottega",0.783,0.524,1,-6.828,1,0.115,0.0404,0,0.087,0.153,144.989,4
"213","Psycho (feat. Ty Dolla $ign)","3swc6WTsr7rl9DqQKQA55C","Post Malone",221440,78,TRUE,"beerbongs & bentleys","6trNtQUgC8cgbWcqoMYkOR",2018-04-27,"but my feet in bottega",0.75,0.56,8,-8.094,1,0.105,0.546,0,0.111,0.459,140.06,4
"214","GOTTI","27oFpFktCq9JIXjJQRuv7a","6ix9ine",166851,64,TRUE,"Day69: Graduation Day","1ubczeMvCrPHbSEjgfu4a7",2018-04-10,"but my feet in bottega",0.728,0.584,10,-7.255,0,0.176,0.0524,0,0.0658,0.365,161.9,4
"215","RAPSTAR","18vXApRmJSgQ6wG2ll9AOg","Polo G",165925,81,TRUE,"Hall of Fame","7KSf6p0G0mZd7j60etVTwT",2021-06-11,"but my feet in bottega",0.789,0.536,6,-6.862,1,0.242,0.41,0,0.129,0.437,81.039,4
"216","KEEP IT BURNIN (feat. Kanye West)","7rWCWzPRftzZTZtIyQtaDU","Future",207213,66,TRUE,"I NEVER LIKED YOU","6tE9Dnp2zInFij4jKssysL",2022-04-29,"but my feet in bottega",0.652,0.578,0,-6.187,1,0.161,0.00861,0,0.285,0.195,87.395,4
"217","Stay High","1AnkdcHl86kEhDvhaKDuIe","Juice WRLD",168684,0,TRUE,"Legends Never Die","1R6vbGGXSEZZmTGn7ewwRL",2020-07-10,"but my feet in bottega",0.745,0.5,8,-6.184,1,0.136,0.439,0,0.0943,0.433,76.968,4
"218","Go Hard 2.0","1wSAAx6UHuQurUBHGM95og","Juice WRLD",214727,16,TRUE,"Fighting Demons (Complete Edition)","0IQVwg2jMqKExCLTEyVvsL",2021-12-10,"but my feet in bottega",0.626,0.463,7,-7.559,0,0.122,0.62,6.89e-06,0.177,0.0743,144.986,4
"219","POPSTAR (feat. Drake)","6EDO9iiTtwNv6waLwa1UUq","DJ Khaled",200221,74,TRUE,"POPSTAR (feat. Drake)","5nNtpPsSUgb9Hlb3dF1gXa",2020-07-17,"but my feet in bottega",0.8,0.56,5,-4.818,0,0.261,0.057,0,0.134,0.45,163.071,4
"220","The Way Life Goes (feat. Oh Wonder)","2eAZfqOm4EnOF9VvN50Tyc","Lil Uzi Vert",221746,80,TRUE,"Luv Is Rage 2","733e1ZfktLSwj96X5rsMeE",2017-08-25,"but my feet in bottega",0.703,0.757,1,-3.612,1,0.05,0.617,0,0.106,0.696,82.008,4
"221","Beeline","5aXRJ1gBgJTmgDdhlcGFGb","whiterosemoxie",163725,39,TRUE,"TROJAN","2YFIN3eKNLfKZP3L54Mn1u",2021-09-17,"but my feet in bottega",0.615,0.684,4,-3.836,1,0.0493,0.306,0,0.378,0.372,102.915,4
"222","mistakes","15dJLTji58BsvcTDZ2QxQG","benny mayne",173545,45,TRUE,"mistakes","069zTIsdWb6aEsBb5Hmxp0",2022-03-24,"but my feet in bottega",0.708,0.823,10,-4.309,1,0.0316,0.0955,0,0.139,0.481,147.046,4
"223","DENY (feat. Tyla Yaweh)","2OGfK0dPkEdALPwrmYXrVE","Boslen",191777,53,FALSE,"DUSK to DAWN","79YZv5y3Heiw4QZ6i77FTE",2021-08-24,"but my feet in bottega",0.736,0.697,8,-5.393,1,0.0558,0.356,0,0.176,0.387,75.006,4
"224","Taking Over","5Unr6WoYvsnGYo3NazmkW4","Tom The Mail Man",158000,58,TRUE,"Sometimes Sorry Isn't Enough","3fzX6NA9OnZBoHBv5vLJ2n",2021-04-16,"but my feet in bottega",0.762,0.516,5,-8.016,0,0.0969,0.0288,0,0.0966,0.721,156.97,4
"225","Think About It","47iwiNOjkzDG4I0dLRcHYr","Verzache",142335,40,TRUE,"My Head is a Moshpit","1tWDtF16yatKPBZIS0A2O6",2021-03-05,"but my feet in bottega",0.935,0.56,0,-8.249,0,0.208,0.375,0.0566,0.0819,0.66,95.028,4
"226","I Pray For You (feat. Labrinth & MALICE)","0NZIjeDTtOoiCpoGxSwy26","Pusha T",261907,37,TRUE,"It's Almost Dry: Pharrell vs. Ye","74xlON1sCCChynzbgLlc7Q",2022-04-25,"but my feet in bottega",0.413,0.726,8,-3.845,1,0.36,0.387,0,0.134,0.0767,80.173,4
"227","His & Hers (feat. Don Toliver, Lil Uzi Vert & Gunna)","7ptCElEIMZRiQ6HwLhaB5t","Internet Money",224042,51,FALSE,"His & Hers (feat. Don Toliver, Lil Uzi Vert & Gunna)","5tArdU5M7zWxHPHVL4B7Wv",2021-05-13,"but my feet in bottega",0.789,0.704,7,-5.175,0,0.0728,0.114,0,0.121,0.401,134.976,4
"228","Die Young (feat. 347aidan)","6EbVuwU7EnKeF2hdpViXCH","Sleepy Hallow",148816,83,TRUE,"Die Young (feat. 347aidan)","33C2Ujqsq5tFa93LtafTHN",2022-05-25,"but my feet in bottega",0.808,0.582,11,-6.26,1,0.338,0.827,0,0.111,0.675,77.471,4
"229","Ballin (Kevin Durant)","3I1fVCxvcrVjBj0rMwlUEm","Reazy Renegade",180000,44,TRUE,"Ballin (Kevin Durant)","24TUb4fhYuyYQHwuZKM3i5",2022-02-16,"but my feet in bottega",0.922,0.56,11,-10.028,1,0.278,0.0148,8.69e-05,0.0789,0.569,145.98,4
"230","Wasted (feat. Lil Uzi Vert)","1a7WZZZH7LzyvorhpOJFTe","Juice WRLD",258475,77,TRUE,"Goodbye & Good Riddance","6tkjU4Umpo79wwkgPMV3nZ",2018-12-10,"but my feet in bottega",0.742,0.579,0,-5.024,1,0.202,0.0381,0,0.0952,0.502,144.994,4
"231","Distraction","1oc92BMKYkNxK17C2GtyRM","Polo G",171319,79,TRUE,"Distraction","30OwIxHqQILQ9vwd86sD3o",2022-06-03,"but my feet in bottega",0.713,0.689,11,-5.99,1,0.255,0.16,0,0.136,0.63,156.934,4
"232","Love in This Club (feat. Young Jeezy)","5j0McHPthKpOXRr3fBq8M0","Usher",259720,72,FALSE,"Here I Stand","2peB0xKYHSlIWc5boFA6PW",2008-05-27,"but my feet in bottega",0.573,0.712,0,-5.976,1,0.0732,0.0572,0,0.167,0.346,140.012,4
"233","Insomnia","0ZeAEOI1A33pYLNbSS4VFQ","Takeoff",164898,55,TRUE,"The Last Rocket","5XRCcUfwtLNQflDd9cfz4U",2018-11-02,"but my feet in bottega",0.904,0.627,1,-6.186,1,0.103,0.0573,0,0.108,0.555,139.984,4
"234","New Money (with 21 Savage)","5ycvEFxPeQqqkdOUgWhrJl","Calvin Harris",170321,70,TRUE,"New Money (with 21 Savage)","1aRWXKL4e4pFg6Z3ObHKKw",2022-07-01,"but my feet in bottega",0.875,0.831,11,-5.991,1,0.0772,0.278,1.69e-05,0.0877,0.742,91.99,4
"235","Litty (feat. DaBaby)","2Zza7LeJBNz3R2xprlfrFS","Young Stoner Life",216053,47,TRUE,"Slime Language 2 (Deluxe)","3XADnbi4uhYXb7RuSJ7bre",2021-04-16,"but my feet in bottega",0.894,0.472,4,-9.837,1,0.307,0.0597,0,0.139,0.464,139.977,4
"236","A Thousand Bad Times","2J0NXdHr6MYvKDSxB7k3V2","Post Malone",221173,66,TRUE,"Hollywood's Bleeding","4g1ZRSobMefqF6nelkgibi",2019-09-06,"but my feet in bottega",0.632,0.732,6,-3.498,1,0.092,0.105,1.15e-05,0.111,0.317,159,4
"237","Goodbyes (Feat. Young Thug)","6vBdBCoOhKHiYDDOcorfNo","Post Malone",174960,1,TRUE,"Goodbyes (Feat. Young Thug)","4FFBjcmX06VmazABtpRMyv",2019-07-05,"but my feet in bottega",0.58,0.653,5,-3.818,1,0.0745,0.447,0,0.111,0.175,150.231,4
"238","Rockstar In His Prime","2aaUTdC6YQqEZiQEk8wPxK","Juice WRLD",180750,68,TRUE,"Fighting Demons (Deluxe)","1typPCwqyXMfFpvDZAyKew",2022-03-18,"but my feet in bottega",0.685,0.729,7,-8.694,0,0.15,0.415,0,0.196,0.382,170.025,4
"239","west side boys","49jLgPPsz0o5TXJVoF15mC","whiterosemoxie",189695,43,TRUE,"white ceilings","1qjit4AnftNlPkptTe1ne9",2020-03-27,"but my feet in bottega",0.686,0.436,0,-7.936,1,0.181,0.697,0,0.193,0.432,81.963,4
"240","Boys Don't Cry (feat. Bobby Raps)","3FGQakzy8Cb20cIgyIQjhi","KEY!",168837,44,TRUE,"I Love You Say It Back","0OFhIixBzMfmXaBzik1OAy",2020-06-12,"but my feet in bottega",0.759,0.542,5,-9.934,0,0.1,0.278,1.41e-06,0.106,0.556,85.983,4
"241","Runaway","3DK6m7It6Pw857FcQftMds","Kanye West",547733,78,TRUE,"My Beautiful Dark Twisted Fantasy","20r762YmB5HeofjMCiPMLv",2010-11-22,"but my feet in bottega",0.374,0.568,1,-3.825,0,0.109,0.219,0.00219,0.513,0.111,84.733,4
"242","Bless Em (Takeoff feat. Travis Scott)","3aaRK3htdVkK2pqOI64FEb","Quality Control",180446,52,TRUE,"Quality Control: Control The Streets Volume 2","59zpaLOByFkJhc9D5Xqna9",2019-08-16,"but my feet in bottega",0.808,0.907,0,-4.027,0,0.0865,0.0592,0,0.139,0.721,158.994,4
"243","This Could Be Us","4jTiyLlOJVJj3mCr7yfPQD","Rae Sremmurd",206306,78,TRUE,"SremmLife","6eDx949ONWDCN0O22wFZf7",2015-01-06,"but my feet in bottega",0.732,0.69,0,-4.992,0,0.134,0.291,0,0.116,0.758,143.072,4
"244","STFU","2p4p9YGwmJIdf5IA9sSWhm","mansionz",230878,62,TRUE,"Mansionz","5WS1g0cKtjfK6eDoSLdv7d",2017-03-24,"but my feet in bottega",0.822,0.471,1,-7.303,0,0.193,0.186,0,0.215,0.512,135.07,4
"245","Fast","5WQrDB34o6M8V0jxNiX6RU","Juice WRLD",208517,72,TRUE,"Death Race For Love (Bonus Track Version)","1btu0SV2DOI5HoFsvUd78F",2019-03-08,"but my feet in bottega",0.623,0.607,1,-5.937,0,0.0435,0.426,0,0.105,0.263,84.982,4
"246","Goodbyes (feat. Young Thug)","0t3ZvGKlmYmVsDzBJAXK8C","Post Malone",174853,79,TRUE,"Hollywood's Bleeding","4g1ZRSobMefqF6nelkgibi",2019-09-06,"but my feet in bottega",0.548,0.653,5,-3.875,1,0.081,0.456,0,0.103,0.163,150.068,4
"247","Wishing Well","2U5WueTLIK5WJLD7mvDODv","Juice WRLD",194621,80,TRUE,"Legends Never Die","6n9DKpOxwifT5hOXtgLZSL",2020-07-10,"but my feet in bottega",0.65,0.613,9,-6.13,0,0.128,0.00336,0,0.267,0.0804,149.972,4
"248","Paranoid","3fpVWegR6YOS1Yk5HSMYIq","Post Malone",221786,68,FALSE,"beerbongs & bentleys","6trNtQUgC8cgbWcqoMYkOR",2018-04-27,"but my feet in bottega",0.625,0.536,0,-5.428,1,0.0776,0.038,2.31e-05,0.167,0.253,159.914,4
"249","Savior","3drdWsJKiVCSQ2gKhd9BDT","Kendrick Lamar",224466,75,TRUE,"Mr. Morale & The Big Steppers","79ONNoS4M9tfIA1mYLBYVX",2022-05-13,"but my feet in bottega",0.605,0.692,8,-7.45,1,0.446,0.495,0,0.303,0.685,124.84,5
"250","Go Flex","2hCKzqwjRjhycKeZJvbloJ","Post Malone",179613,0,TRUE,"Stoney","7J0uECwRkAFLiZljgYFq1w",2016-12-09,"but my feet in bottega",0.663,0.489,5,-8.198,1,0.124,0.227,0,0.0769,0.117,81.959,4
"251","Rich & Sad","2VdT56BGpdqNHUgOe1j5vc","Post Malone",206453,70,TRUE,"beerbongs & bentleys","6trNtQUgC8cgbWcqoMYkOR",2018-04-27,"but my feet in bottega",0.599,0.571,2,-4.998,1,0.0665,0.198,0,0.0969,0.285,151.974,4
"252","Stay High","21CkzgKCBCq5V4XKjiGSIj","Juice WRLD",168684,73,TRUE,"Legends Never Die","6n9DKpOxwifT5hOXtgLZSL",2020-07-10,"but my feet in bottega",0.745,0.5,8,-6.184,1,0.135,0.439,0,0.0943,0.433,76.968,4
"253","ALWAYS DO","3QCU8BT0zDS9LPVfEhRFEE","The Kid LAROI",151704,71,TRUE,"F*CK LOVE (SAVAGE)","3YjfdLdpQcVI72uKhooZst",2020-11-06,"but my feet in bottega",0.762,0.426,8,-6.865,1,0.113,0.0442,0,0.0858,0.582,167.827,4
"254","problems","0YcJfsr91XXLiSapSQbtJf","44phantom",168653,46,TRUE,"die sometime, it's good for u","04JMztBf0vX3JfxKIaifGa",2021-07-09,"but my feet in bottega",0.529,0.885,11,-3.854,1,0.109,0.0096,0,0.2,0.609,93.943,4
"255","WAIT FOR U (feat. Drake & Tems)","59nOXPmaKlBfGMDeOVGrIK","Future",189893,89,TRUE,"I NEVER LIKED YOU","6tE9Dnp2zInFij4jKssysL",2022-04-29,"but my feet in bottega",0.463,0.642,1,-4.474,1,0.34,0.314,0,0.0686,0.339,83.389,4
"256","Doom","1GydGCPNYJnCziQZBLE85q","Juice WRLD",217487,66,TRUE,"Fighting Demons (Deluxe)","1typPCwqyXMfFpvDZAyKew",2022-03-18,"but my feet in bottega",0.62,0.495,0,-7.251,1,0.0534,0.016,1.91e-05,0.102,0.122,85.951,4
"257","Noticed","7zLYKWcXnYeHHWidalz7rj","Lil Mosey",165000,74,TRUE,"Northsbest (Extended)","6lggWd5q9Rh66OkDE1eNDr",2018-10-19,"but my feet in bottega",0.699,0.558,11,-7.622,1,0.0603,0.462,0,0.116,0.493,79.992,4
"258","Ring Ring (with Rvssian feat. Clever)","4UBKe75v9DYcehHirq4ot4","Juice WRLD",171816,67,TRUE,"Death Race For Love (Bonus Track Version)","1btu0SV2DOI5HoFsvUd78F",2019-03-08,"but my feet in bottega",0.581,0.673,0,-4.421,0,0.0549,0.0768,0,0.4,0.621,160.075,4
"259","HOLY TRINITY (feat. Rich The Kid)","02D7cBNL1rpCkvTja8S1ns","Arizona Zervas",155863,61,TRUE,"HOLY TRINITY (feat. Rich The Kid)","0ev0saRGsMUB9MxtWZnliz",2022-07-22,"but my feet in bottega",0.782,0.703,9,-4.597,1,0.107,0.0522,0,0.104,0.336,82.501,4
"260","High Right Now (feat. Wiz Khalifa) - Remix","5DPASDOoVakOcD8EIhb46T","Tyla Yaweh",175759,66,TRUE,"High Right Now (feat. Wiz Khalifa) [Remix]","0imwCieoxougGmptrN1WAx",2020-01-31,"but my feet in bottega",0.737,0.548,4,-7.003,0,0.0498,0.0127,9.76e-06,0.176,0.156,160.058,4
"261","Sodas and Arizonas","0hOcNNMB50ZeVRi6GNIBm0","Jay Ham",121237,9,TRUE,"Wild Potions","0dYpie12QEv8WzV9YjhGcv",2019-07-11,"but my feet in bottega",0.405,0.655,4,-4.354,0,0.44,0.0479,0,0.118,0.125,74.225,1
"262","Blueberry Faygo","6wJYhPfqk3KGhHRG76WzOh","Lil Mosey",162546,74,TRUE,"Blueberry Faygo","6rBennOYWR1OZQnsU39PKL",2020-02-07,"but my feet in bottega",0.774,0.554,0,-7.909,1,0.0383,0.207,0,0.132,0.349,99.034,4
"263","I'm Gonna Be","1ckLp8lCl8LipXI0ypX72m","Post Malone",200680,68,TRUE,"Hollywood's Bleeding","4g1ZRSobMefqF6nelkgibi",2019-09-06,"but my feet in bottega",0.746,0.559,5,-4.008,1,0.0316,0.703,0,0.148,0.368,117.943,4
"264","Stay","4H7WNRErSbONkM06blBoGc","Post Malone",204426,75,TRUE,"beerbongs & bentleys","6trNtQUgC8cgbWcqoMYkOR",2018-04-27,"but my feet in bottega",0.507,0.48,5,-5.418,1,0.0266,0.449,0,0.147,0.35,86.046,4
"265","Waves","6INWpNHjafs6xAyOZss7Gj","Culture Jam",146493,52,TRUE,"Kawhi Leonard Presents: Culture Jam (Vol. 1)","5QkoMINx6wyDn80AIOnErN",2021-10-22,"but my feet in bottega",0.824,0.484,1,-5.618,1,0.07,0.0361,0,0.0592,0.148,77.039,4
"266","Lilly","2buuesSQNcXtvL0XBwGav5","IDK",108961,48,TRUE,"Is He Real?","2JnOb2SpW5DSOHhbW6GKru",2019-09-04,"but my feet in bottega",0.808,0.64,8,-5.355,1,0.309,0.135,1.06e-06,0.209,0.672,170.025,4
"267","You Was Right","2ANLarE8yHVsLWW21nj79M","Lil Uzi Vert",163944,67,TRUE,"Lil Uzi Vert vs. The World","7mgdTKTCdfnLoa1HXHvLYM",2016-05-27,"but my feet in bottega",0.843,0.359,0,-7.417,1,0.461,0.069,0,0.12,0.156,81.987,4
"268","My Last","70tFuqBcduJv15bEnOPRTh","Big Sean",254120,56,TRUE,"Finally Famous (Deluxe)","19DGkH750PrQMMnKqBAxfY",2011-01-01,"but my feet in bottega",0.387,0.773,8,-5.685,1,0.17,0.098,0,0.209,0.368,78.629,4
"269","Guap","1wcWdMlLjzp7Rx25JJN7c4","Big Sean",271760,0,TRUE,"Guap","2lCM0giF5meapslmQwWsrh",2012-01-01,"but my feet in bottega",0.65,0.741,1,-5.842,1,0.184,0.322,0,0.422,0.575,146.175,4
"270","Troubles [Feat. T-Pain]","5gAYHuWkL18ccsxM6akJXP","Denzel Curry",160000,60,TRUE,"Melt My Eyez See Your Future","7KtyUeiJidoZO0ybxBXw0Q",2022-03-25,"but my feet in bottega",0.78,0.751,7,-4.681,0,0.177,0.546,3.36e-05,0.176,0.899,180.008,4
"271","MoshPit (feat. Juice WRLD)","4KX8vXbouybtUptEyYxtIk","Kodak Black",164038,63,TRUE,"Dying to Live","5n1GSzC1Reao29ScnpLYqp",2018-12-14,"but my feet in bottega",0.769,0.627,7,-4.064,1,0.262,0.394,0,0.106,0.49,157.938,4
"272","Memphis","7yPjeaoQlwF8tfbnAhNO2v","AG Club",200463,58,TRUE,"Halfway Off the Porch","6Vr72HwhlNxaj22qlFNPQT",2020-01-25,"but my feet in bottega",0.545,0.627,1,-7.977,1,0.525,0.162,0,0.226,0.486,74.475,4
"273","Psychic","394hdNuRnciqSxO7bDblIm","Chris Brown",220769,64,TRUE,"Psychic (feat. Jack Harlow)","3tW2vGd9sCAML9II3VC8yK",2022-06-23,"but my feet in bottega",0.743,0.582,1,-7.379,1,0.0606,0.0417,0,0.116,0.434,96.509,4
"274","Toxic","557DLyFeg06jCV2cpT005C","YG",213288,71,TRUE,"Toxic","3nCelfHqub7N18PxbzSrD0",2022-08-12,"but my feet in bottega",0.688,0.478,10,-7.04,0,0.202,0.384,0,0.0975,0.444,99.998,4
"275","Unacceptable","0Yptvdo4iVZ42hz0m8rGng","Cordae",186833,64,TRUE,"Unacceptable","79v3fsCuDJoEfpMJc6G7fI",2022-08-11,"but my feet in bottega",0.619,0.634,0,-3.11,1,0.3,0.349,0,0.125,0.71,81.563,4
